{
  "root":"store",
  "store":{
    "apps":{
      "SUMTRACKER":{
        "mtracker":{
          "filename":"mastertracker.db",
          "ensure":{},
          "map":{}
        }
      },
      "REPORTING":{
        "wojournal_currmonth":{
          "filename":"wojournal_currmonth.db",
          "ensure":{},
          "map":{}
        },
        "wojournal_curryear":{
          "filename":"wojournal_curryear.db",
          "ensure":{},
          "map":{}
        },
        "tech_reports":{
          "filename":"tech_reports.db",
          "ensure":{},
          "map":{}
        }
      },
      "VMT":{
        "wos":{
          "filename":"masterwos.db",
          "ensure":{
            "fieldName":"id",
            "unique":true,
            "sparse":true
          },
          "maps":{}
        }
      },
      "COMMISH":{
        "referrals":{
          "filename":"referrals.db",
          "ensure":{
            "fieldName":"FormID",
            "unique":true,
            "sparse":true
          },
          "map":{}
        }
      },
      "JONAS":{
        "customers":{
          "filename":"jcustomers.db",
          "ensure":{}
        }
      }
    }
  }
}
